name,state
Claire Gute,Kentucky
Darrin Van Huff,California
Sean O'Donnell,Florida
Brosina Hoffman,California
Andrew Allen,North Carolina
Irene Maddox,Washington
Harold Pawlan,Texas
Pete Kriz,Wisconsin
Alejandro Grove,Utah
Zuschuss Donatelli,California
Ken Black,Nebraska
Sandra Flanagan,Pennsylvania
Emily Burns,Utah
Eric Hoffmann,California
Tracy Blumstein,Pennsylvania
Matt Abelman,Texas
Gene Hale,Texas
Steve Nguyen,Texas
Linda Cazamias,Illinois
Ruben Ausman,California
Erin Smith,Florida
Odella Nelson,Minnesota
Patrick O'Donnell,Michigan
Lena Hernandez,Delaware
Darren Powers,Indiana
Janet Molinari,New York
Ted Butterfield,New York
Kunst Miller,California
Paul Stevenson,Illinois
Brendan Sweed,Arizona
Karen Daniels,Virginia
Henry MacAllister,New York
Joel Eaton,Tennessee
Ken Brennan,Texas
Stewart Carmichael,Alabama
Duane Noonan,California
Julie Creighton,North Carolina
Christopher Schild,Illinois
Paul Gonzalez,Minnesota
Gary Mitchum,Texas
Jim Sink,California
Karl Braun,Minnesota
Roger Barcio,Oregon
Parhena Norris,New York
Katherine Ducich,California
Elpida Rittenbach,Minnesota
Rick Bensley,Illinois
Gary Zandusky,Minnesota
Lena Cacioppo,Colorado
Janet Martin,North Carolina
Pete Armstrong,Illinois
Cynthia Voltz,New York
Clay Ludtke,Iowa
Ryan Crowe,Ohio
Dave Kipp,Washington
Greg Guthrie,Tennessee
Steven Cartwright,Delaware
Alan Dominguez,Texas
Philip Fox,Illinois
Troy Staebel,Arizona
Lindsay Shagiari,California
Dorothy Wardle,Ohio
Lena Creighton,California
Jonathan Doherty,Pennsylvania
Sally Hughsby,California
Sandra Glassco,Missouri
Helen Andreada,California
Maureen Gastineau,Ohio
Justin Ellison,Wisconsin
Tamara Willingham,Arizona
Stephanie Phelps,California
Neil Knudson,Washington
Dave Brooks,Washington
Nora Paige,Oklahoma
Ted Trevino,California
Eric Murdock,Pennsylvania
Ruben Dartt,New Mexico
Max Jones,Washington
Becky Martin,Texas
Chad Sievert,California
Jennifer Braxton,Illinois
Shirley Jackson,Texas
Jim Kriz,New York
David Kendrick,Illinois
Robert Marley,Louisiana
Sally Knutson,Connecticut
Frank Merwin,California
Alice McCarthy,Texas
Mark Packer,New York
Mary Zewe,California
Cassandra Brandow,Ohio
Valerie Mitchum,New Jersey
Fred Hopkins,Pennsylvania
Maria Bertelson,Ohio
Bruce Stewart,Colorado
Logan Currie,Texas
Heather Kirkland,Tennessee
Laurel Elliston,California
Joseph Holt,Michigan
Michael Stewart,Texas
Victoria Wilson,Ohio
Jonathan Howell,California
Joni Blumstein,Ohio
David Smith,Michigan
Valerie Dominguez,Tennessee
Erin Ashbrook,North Carolina
David Bremer,California
Ken Lonsdale,Illinois
Dianna Wilson,Minnesota
Logan Haushalter,California
Kelly Collister,California
Delfina Latchford,New York
Dan Reichenbach,Illinois
Craig Carreira,New York
Dorris liebe,Texas
Sean Braxton,Texas
Roy Collins,Illinois
Alan Hwang,California
Claudia Bergmann,North Carolina
Christine Abelman,Ohio
Kristen Hastings,California
Barry Blumstein,California
Andrew Gjertsen,Pennsylvania
Jas O'Carroll,California
Alan Haines,Florida
Nick Zandusky,Ohio
Kelly Lampkin,Colorado
Alan Schoenberger,New York
Corey Roper,New Jersey
Shahid Hopkins,Virginia
Ben Peterman,Colorado
Thomas Seio,New Jersey
Andy Gerbode,Florida
Sung Pak,Pennsylvania
Nathan Mautz,New York
Frank Atkinson,California
Grace Kelly,California
Don Jones,Tennessee
Patrick O'Brill,Pennsylvania
John Lucas,Pennsylvania
Doug Bickford,California
Alyssa Crouse,California
Clay Cheatham,California
Tamara Dahlen,Massachusetts
Adam Bellavance,New York
Jeremy Lonsdale,New York
Victoria Brennan,Georgia
Katrina Willman,New York
Julia Dunbar,California
Michael Kennedy,Connecticut
Guy Thornton,Texas
Arthur Gainer,Arizona
Muhammed MacIntyre,Illinois
Allen Rosenblatt,Massachusetts
Russell Applegate,Texas
Alejandro Savely,California
Laura Armstrong,Michigan
Denny Ordway,Florida
Dean Katz,Pennsylvania
Nathan Gelder,Ohio
Mike Vittorini,New York
Jack Garza,Washington
Bart Pistole,Illinois
Victor Preis,Nevada
Saphhira Shifley,Rhode Island
Anna Gayman,Texas
Luke Foster,Florida
Roy Franzosisch,New York
Keith Herrera,California
Kimberly Carter,Washington
Caroline Jumper,California
Philip Brown,California
Michael Paige,Massachusetts
Natalie Fritzler,Mississippi
Shirley Daniels,New York
Ken Heidel,Texas
Ross Baird,North Carolina
Mike Kennedy,Florida
Philisse Overcash,Illinois
Brenda Bowman,Texas
Troy Blackwell,Indiana
Raymond Buch,New York
Ed Braxton,Ohio
Sanjit Chand,California
Tanja Norvell,Arizona
Joni Sundaresam,Illinois
Maya Herman,New York
Jeremy Pistek,California
Jeremy Ellison,New York
John Grady,New York
Xylona Preis,California
Erin Mull,New York
Michelle Tran,California
Sue Ann Reed,Illinois
Carl Weiss,Texas
Astrea Jones,New York
Sonia Sunley,Washington
Rose O'Brian,Tennessee
Maribeth Dona,Arkansas
Maribeth Yedwab,Colorado
Christopher Martinez,Georgia
Lynn Smith,Missouri
Bradley Nguyen,California
Dean Braden,Texas
Matt Connell,Michigan
Brian Dahlen,Massachusetts
Patricia Hirasaki,Florida
Mike Gockenbach,Pennsylvania
Karen Bern,California
Jasper Cacioppo,California
Rob Lucas,Alabama
Allen Armold,Arizona
Emily Phan,Illinois
Darren Koutras,Kentucky
Bradley Drucker,Wisconsin
Liz MacKendrick,Ohio
Adrian Shami,New York
Bill Donatelli,California
Greg Tran,Texas
Ashley Jarboe,North Carolina
Olvera Toch,California
Liz Pelletier,California
Cynthia Arntzen,Florida
Jeremy Farry,Washington
Frank Preis,California
Ellis Ballard,Washington
Jennifer Ferguson,New York
Sarah Foster,Washington
Trudy Glocke,California
Carlos Soltero,Illinois
Charles Crestani,California
Dianna Vittorini,Colorado
Bruce Degenhardt,Kentucky
Zuschuss Carroll,Oregon
Melanie Seite,Texas
Lena Radford,California
Theone Pippenger,Pennsylvania
Chloris Kastensmidt,Pennsylvania
Alan Shonely,Florida
Andrew Roberts,Pennsylvania
Nona Balk,Texas
Giulietta Dortch,Pennsylvania
Clytie Kelty,Ohio
Nat Gilpin,New York
Christina Anderson,Illinois
Sylvia Foulston,Michigan
Meg O'Connel,New York
Annie Thurman,Washington
Fred McMath,Colorado
Denny Joy,Georgia
Max Engle,Colorado
Justin Deggeller,Minnesota
John Lee,California
Sean Christensen,Michigan
Chuck Clark,Indiana
Anthony Rawles,Washington
Steven Roelle,New York
Craig Reiter,Ohio
Eugene Hildebrand,Illinois
Sibella Parks,New York
Tiffany House,Texas
Resi Polking,Ohio
Rob Beeghly,Indiana
Carol Darley,Texas
Doug Jacobs,New York
Grant Thornton,North Carolina
Michael Chen,Mississippi
Ralph Arnett,New York
Naresj Patel,Virginia
Alan Barnes,California
Jesus Ocampo,Pennsylvania
Jay Kimmel,California
Brad Norvell,North Carolina
David Philippe,New York
Tracy Hopkins,New York
Arthur Prichep,Florida
Roland Schwarz,New York
Seth Vernon,Delaware
Christine Kargatis,Utah
Ross DeVincentis,California
Mathew Reese,Pennsylvania
Steve Chapman,Florida
Jay Fein,Texas
Emily Grady,New York
Darrin Sayre,Washington
Phillina Ober,Illinois
Sung Shariari,Texas
Peter Buhler,Illinois
Roland Fjeld,Michigan
Yoseph Carroll,California
Debra Catini,Minnesota
Christine Phan,New York
Barry Franzosisch,Wisconsin
Lisa Hazard,Ohio
Chris Selesnick,Louisiana
Anthony Johnson,Florida
Benjamin Venier,Iowa
Dan Lawera,Ohio
Bryan Mills,Ohio
Liz Thompson,California
Joe Kamberova,North Carolina
Erica Smith,California
Rick Hansen,Minnesota
Carlos Daly,California
Helen Wasserman,California
Mike Caudle,Louisiana
Gary McGarr,California
Pauline Johnson,California
Bart Watters,Wisconsin
Toby Ritter,New Jersey
Patrick Gardner,California
James Lanier,Tennessee
Brian Moss,New York
Eudokia Martin,California
Art Foster,Kentucky
Guy Armstrong,Ohio
Cyma Kinney,New Jersey
Dave Poirier,California
Berenike Kampe,New York
Sanjit Jacobs,New Jersey
Chuck Magee,California
Anthony Jacobs,Virginia
Linda Southworth,Pennsylvania
Guy Phonely,Pennsylvania
Paul Knutson,Pennsylvania
Sally Matthias,New York
Anthony Garverick,Pennsylvania
Peter McVee,Michigan
Lauren Leatherbury,New York
Jill Stevenson,California
Ed Ludwig,Maryland
Pamela Coakley,California
Hunter Lopez,Texas
Maribeth Schnelling,Michigan
George Bell,New York
Justin Ritter,Ohio
Bill Eplett,Michigan
Sample Company A,Connecticut
Rob Williams,Texas
Sanjit Engle,New York
Adam Hart,New York
Jessica Myrick,Pennsylvania
Joel Jenkins,Virginia
Ralph Kennedy,Pennsylvania
Catherine Glotzbach,Pennsylvania
Rachel Payne,California
Karen Carlisle,California
Katherine Hughes,Pennsylvania
Greg Hansen,Texas
Scott Williamson,Mississippi
Joseph Airdo,Arizona
Daniel Lacy,California
Lindsay Williams,California
Thomas Brumley,Arkansas
Bryan Spruell,New York
Robert Waldorf,North Carolina
Tracy Zic,Colorado
Ann Steele,Texas
Toby Swindell,Texas
Sara Luxemburg,Florida
Mitch Willingham,Virginia
Rob Dowd,Kentucky
Ryan Akin,California
Meg Tillman,Arizona
Vivek Gonzalez,California
John Stevenson,Washington
Kalyca Meade,New York
Hallie Redmond,California
Deanra Eno,Ohio
Allen Goldenen,Ohio
Jennifer Jackson,California
Jennifer Halladay,North Carolina
Robert Dilbeck,Missouri
Mary O'Rourke,New York
Noel Staavos,Illinois
Deirdre Greer,Pennsylvania
Nicole Fjeld,New York
Matthew Grinstein,Pennsylvania
Theresa Swint,Ohio
Brian DeCherney,California
Charles McCrossin,Texas
Skye Norling,California
Erica Hernandez,Colorado
Frank Olsen,New York
Maurice Satty,Arizona
Chad Cunningham,Indiana
Don Weiss,Washington
Bill Tyler,Michigan
Craig Yedwab,California
Brad Thomas,Maryland
Penelope Sewall,North Carolina
Paul Van Hugh,California
Neoma Murray,California
Dionis Lloyd,California
Christine Sundaresam,Georgia
Frank Hawley,Indiana
Nat Carroll,Michigan
Alex Avila,Minnesota
Larry Tron,California
Anne Pryor,New York
Paul MacIntyre,Michigan
Alyssa Tate,California
Cathy Armstrong,Texas
Harold Ryan,Washington
Bradley Talbott,California
Larry Hughes,North Carolina
Steven Ward,New York
Stefania Perrino,Pennsylvania
Ben Ferrer,California
Kean Thornton,New York
Brooke Gillingham,Ohio
Greg Matthias,Washington
Eva Jacobs,Mississippi
Nora Preis,California
Mick Hernandez,Pennsylvania
Jocasta Rupert,Florida
Suzanne McNair,North Carolina
Chris Cortes,Indiana
Phillip Flathmann,California
Dan Campbell,Alabama
Bryan Davis,Texas
Gene McClure,Rhode Island
Todd Boyes,New York
Justin Hirsh,Colorado
Erica Bern,California
Quincy Jones,Minnesota
Tracy Collins,Virginia
Chuck Sachs,Georgia
Henry Goldwyn,California
Laurel Workman,Florida
Matt Collins,Ohio
Liz Preis,Kentucky
Evan Bailliet,North Carolina
George Zrebassa,Massachusetts
Cathy Prescott,Connecticut
Frank Gastineau,California
Lisa DeCherney,California
Alejandro Ballentine,Ohio
Michael Nguyen,Texas
Jim Radford,Connecticut
Jamie Frazer,California
Chad McGuire,New York
Aaron Smayling,North Carolina
Beth Paige,Illinois
Natalie DeCherney,Kentucky
Larry Blacks,Texas
Kean Takahito,California
Harry Marie,Pennsylvania
Ann Blume,Arizona
Sam Zeldin,California
Michael Granlund,Maryland
Julie Kriz,Illinois
Paul Prost,Georgia
Yana Sorensen,North Carolina
Katherine Murray,Virginia
Adrian Barton,Arizona
Helen Abelman,New York
Beth Thompson,California
Stuart Van,Texas
Rick Wilson,Arizona
Damala Kotsonis,California
Shui Tom,Ohio
Michael Moore,California
Pauline Webber,Kentucky
Shaun Chance,Colorado
Thais Sissman,Arizona
Mark Cousins,Alabama
Maria Etezadi,Georgia
Nicole Hansen,Texas
Mick Brown,New Jersey
Keith Dawkins,New York
Katherine Nockton,California
Nora Pelletier,New York
Cindy Stewart,North Carolina
Maxwell Schwartz,New York
Corinna Mitchell,California
Corey-Lock,Pennsylvania
Todd Sumrall,New York
Jane Waco,Washington
John Dryer,Texas
Pauline Chand,California
Andy Reiter,New York
Arianne Irving,Pennsylvania
Tom Boeckenhauer,Washington
Paul Lucas,Illinois
Gary Hwang,Arizona
Mike Pelletier,California
Jim Mitchum,New Jersey
Carl Ludwig,Massachusetts
Deborah Brumfield,California
Ivan Gibson,California
Bobby Odegard,Kentucky
Aimee Bixby,New York
Julia West,Pennsylvania
Edward Becker,Washington
Sheri Gordon,New York
Charlotte Melton,Pennsylvania
Anthony Witt,Texas
Mick Crebagga,Texas
Tonja Turnell,Illinois
Vivek Grady,Virginia
Muhammed Yedwab,Texas
Rick Duston,Washington
Dennis Pardue,Illinois
Marina Lichtenstein,California
Jenna Caffey,Washington
James Galang,California
Marc Crier,Louisiana
Natalie Webber,Oregon
Toby Braunhardt,District of Columbia
Bill Stewart,Illinois
Hilary Holden,California
Christina DeMoss,Washington
Thea Hendricks,California
Michelle Moray,Washington
Neola Schneider,Texas
Robert Barroso,Nevada
Shaun Weien,Virginia
Eric Barreto,California
Pamela Stobb,California
Herbert Flentye,Indiana
Henia Zydlo,Ohio
Cynthia Delaney,California
Jamie Kunitz,California
Filia McAdams,Ohio
Emily Ducich,California
Dianna Arnett,Texas
Joni Wasserman,California
Raymond Messe,Texas
Max Ludwig,Virginia
Craig Carroll,North Carolina
Jim Epp,Wisconsin
Roy Phan,Wisconsin
Thomas Boland,Texas
Brad Eason,Kansas
Jill Fjeld,Texas
Phillip Breyer,Oklahoma
Brian Thompson,Ohio
Janet Lee,Illinois
Cathy Hwang,North Carolina
Neil Ducich,Georgia
Barbara Fisher,North Carolina
Katharine Harms,Kentucky
Giulietta Weimer,Washington
Noah Childs,Colorado
Michelle Ellison,California
Benjamin Patterson,Washington
John Castell,Texas
Adam Shillingsburg,Virginia
Amy Cox,Minnesota
Michael Dominguez,Indiana
Duane Benoit,New York
Erica Hackney,Georgia
Edward Hooks,New York
Scot Coram,Texas
Joe Elijah,Colorado
Ann Chong,New York
Joy Daniels,Illinois
Christy Brittain,Ohio
Joy Smith,Texas
Luke Weiss,California
Stuart Calhoun,Texas
Anne McFarland,Alabama
Rick Huthwaite,Rhode Island
Carol Triggs,Minnesota
Matt Collister,New Jersey
Corey Catlett,Pennsylvania
Kelly Andreada,California
Tamara Chand,Washington
Bart Folk,Maryland
Magdelene Morse,Delaware
Adrian Hane,Arizona
Ben Wallace,Florida
Scot Wooten,California
Brian Stugart,Pennsylvania
Randy Ferguson,New Hampshire
William Brown,Pennsylvania
Trudy Brown,Texas
Art Ferguson,Texas
Richard Bierner,Missouri
Karen Ferguson,California
John Huston,Ohio
Ivan Liston,California
Patrick Bzostek,Utah
Rob Haberlin,Alabama
Arthur Wiediger,Illinois
Maris LaWare,Connecticut
Dorothy Badders,Florida
Matt Hagelstein,California
Dennis Kane,Ohio
Bobby Trafton,Colorado
Denny Blanton,Indiana
Toby Gnade,California
Barry Franz,California
Justin MacKendrick,California
Maria Zettner,California
Mitch Webber,New York
Mark Van Huff,Virginia
Sean Miller,North Carolina
Tom Prescott,Washington
Jim Karlsson,Washington
Patrick Jones,Tennessee
Ricardo Sperren,Washington
Susan Vittorini,New York
Becky Castell,Arizona
Elizabeth Moffitt,South Dakota
Brendan Murry,New York
Kristina Nunn,Colorado
Kelly Williams,Tennessee
Scott Cohen,California
Christina VanderZanden,California
Speros Goranitis,New York
Tamara Manning,California
Eleni McCrary,California
Michelle Lonsdale,New Mexico
Clay Rozendal,Illinois
Annie Zypern,New York
Pierre Wener,Colorado
Shahid Collister,Washington
Carlos Meador,North Carolina
Greg Maxwell,California
Tim Brockman,New York
John Murray,New York
Sonia Cooley,Indiana
Luke Schmidt,Illinois
Ralph Ritter,California
Daniel Byrd,Florida
Thomas Thornton,Texas
Lori Olson,California
Ken Dana,Arizona
Nicole Brennan,Pennsylvania
Brian Derr,Kentucky
Chris McAfee,Texas
Edward Nazzal,New York
Kean Nguyen,Florida
Bill Overfelt,California
Aleksandra Gannaway,California
Matthew Clasen,Missouri
Tom Ashbrook,New York
Jason Fortune-,Washington
Tim Taslimi,California
Sarah Bern,New York
Craig Leslie,Missouri
Hunter Glantz,Texas
Nancy Lomonaco,California
Rick Reed,Massachusetts
Toby Carlisle,California
Stewart Visinsky,Colorado
Bobby Elias,Ohio
Steve Carroll,Georgia
David Flashing,California
Fred Harton,Washington
MaryBeth Skach,California
Ritsa Hightower,Florida
George Ashbrook,California
Julie Prescott,Georgia
Dean percer,Utah
Michael Oakman,Texas
Denise Leinenbach,New Mexico
Michelle Huthwaite,Washington
Daniel Raglin,Massachusetts
Darrin Martin,California
Carol Adams,Alabama
Anna Chung,Texas
Denise Monton,Georgia
Vicky Freymann,Indiana
Christopher Conant,North Carolina
Beth Fritzler,Arizona
Harry Greene,Louisiana
Becky Pak,Georgia
Eugene Moren,Arizona
Michelle Arnett,New York
Andy Yotov,California
Giulietta Baptist,Pennsylvania
Julia Barnett,Georgia
Michael Grace,New York
Sharelle Roach,Colorado
Joy Bell-,Texas
Dario Medina,Michigan
Tony Chapman,Georgia
Sean Wendt,Michigan
Richard Eichhorn,Texas
Benjamin Farhat,New Mexico
Katrina Bavinger,California
Jason Gross,Rhode Island
Erin Creighton,New York
Eugene Barchas,Pennsylvania
Jennifer Patt,New York
Cari Sayre,Washington
Gary Hansen,Arizona
Pete Takahito,Texas
Jack Lebron,Texas
Aaron Hawkins,Pennsylvania
Cindy Chapman,New York
David Wiener,Texas
Sarah Jordon,Texas
Bruce Geld,Pennsylvania
Laurel Beltran,Illinois
Candace McMahon,Texas
Evan Henry,Alabama
Tony Sayre,Tennessee
Patrick Ryan,California
Liz Carlisle,California
Cindy Schnelling,Texas
Dave Hallsten,Kentucky
Jack O'Briant,Pennsylvania
Anna Haberlin,New York
Heather Jas,Florida
Mark Hamilton,North Carolina
Russell D'Ascenzo,Texas
Sam Craven,Texas
Stephanie Ulpright,Mississippi
Fred Chung,Texas
Randy Bradley,Pennsylvania
Nick Crebassa,Texas
Darren Budd,California
Maureen Fritzler,Ohio
Roland Murray,New York
Vivian Mathis,Delaware
Ed Jacobs,California
Nathan Cano,North Carolina
Lycoris Saunders,Delaware
Katrina Edelman,Tennessee
Duane Huffman,Massachusetts
Peter Fuller,Arizona
Valerie Takahito,Pennsylvania
Maureen Gnade,New York
Susan Pistek,California
Charles Sheldon,Tennessee
Dana Kaydos,Wisconsin
Khloe Miller,Georgia
Anna Andreadi,Pennsylvania
Dorothy Dickinson,Texas
Amy Hunt,New York
Tracy Poddar,Colorado
Eileen Kiefer,California
Cyra Reiten,New York
Susan Gilcrest,Texas
Angele Hood,Illinois
Neil Franzosisch,Illinois
Bill Shonely,New York
Stefanie Holloman,Tennessee
Roger Demir,Florida
Alex Grayson,California
Georgia Rosenberg,California
Vivek Sundaresam,California
Tony Molinari,Oklahoma
Tom Stivers,California
Dennis Bolton,New York
Nick Radford,Illinois
Cari Schnelling,North Carolina
Monica Federle,California
Liz Willingham,Connecticut
Alex Russell,Massachusetts
Karen Seio,Utah
Aaron Bergman,Washington
Lisa Ryan,Pennsylvania
Shahid Shariari,California
Jill Matthias,North Carolina
Jason Klamczynski,Texas
Don Miller,Texas
Muhammed Lee,Washington
Marc Harrigan,California
Frank Carlisle,Ohio
Thea Hudgings,Pennsylvania
Juliana Krohn,Nebraska
Sarah Brown,New Hampshire
Barry Gonzalez,Louisiana
Barry Weirich,North Carolina
Mitch Gastineau,Florida
Doug O'Connell,California
Barry Pond,Rhode Island
Trudy Schmidt,Wisconsin
Evan Minnotte,Virginia
Anthony O'Donnell,California
Mark Haberlin,New York
Shirley Schmidt,Kentucky
Lela Donovan,Illinois
Victoria Pisteka,California
Theresa Coyne,New Jersey
Ionia McGrath,California
Anemone Ratner,Georgia
Craig Molinari,Texas
Fred Wasserman,Alabama
Lindsay Castell,Virginia
Harold Engle,Illinois
Brendan Dodson,California
Harold Dahlen,Pennsylvania
Carl Jackson,Pennsylvania
Roy Skaria,Iowa
Sung Chung,Illinois
Ricardo Emerson,Ohio
Susan MacKendrick,Ohio
